-- MySQL dump 10.13  Distrib 8.0.34, for Win64 (x86_64)
--
-- Host: localhost    Database: score_list
-- ------------------------------------------------------
-- Server version	8.0.34

/*!40101 SET @OLD_CHARACTER_SET_CLIENT=@@CHARACTER_SET_CLIENT */;
/*!40101 SET @OLD_CHARACTER_SET_RESULTS=@@CHARACTER_SET_RESULTS */;
/*!40101 SET @OLD_COLLATION_CONNECTION=@@COLLATION_CONNECTION */;
/*!50503 SET NAMES utf8mb4 */;
/*!40103 SET @OLD_TIME_ZONE=@@TIME_ZONE */;
/*!40103 SET TIME_ZONE='+00:00' */;
/*!40014 SET @OLD_UNIQUE_CHECKS=@@UNIQUE_CHECKS, UNIQUE_CHECKS=0 */;
/*!40014 SET @OLD_FOREIGN_KEY_CHECKS=@@FOREIGN_KEY_CHECKS, FOREIGN_KEY_CHECKS=0 */;
/*!40101 SET @OLD_SQL_MODE=@@SQL_MODE, SQL_MODE='NO_AUTO_VALUE_ON_ZERO' */;
/*!40111 SET @OLD_SQL_NOTES=@@SQL_NOTES, SQL_NOTES=0 */;

--
-- Table structure for table `courses`
--

DROP TABLE IF EXISTS `courses`;
/*!40101 SET @saved_cs_client     = @@character_set_client */;
/*!50503 SET character_set_client = utf8mb4 */;
CREATE TABLE `courses` (
  `id` int NOT NULL AUTO_INCREMENT,
  `name` varchar(100) DEFAULT NULL,
  `credit` float DEFAULT NULL,
  `teacher` varchar(50) DEFAULT NULL,
  PRIMARY KEY (`id`)
) ENGINE=InnoDB AUTO_INCREMENT=9 DEFAULT CHARSET=utf8mb4 COLLATE=utf8mb4_0900_ai_ci;
/*!40101 SET character_set_client = @saved_cs_client */;

--
-- Dumping data for table `courses`
--

LOCK TABLES `courses` WRITE;
/*!40000 ALTER TABLE `courses` DISABLE KEYS */;
INSERT INTO `courses` VALUES (1,'数据库原理',3,'陈胜强'),(2,'计算机网络组成',2,'谭国强'),(3,'数据结构与算法',3,'孙明德'),(4,'数值计算',1,'覃燕'),(5,'人工智能导论',2.5,'孙明德'),(6,'人工智能数学基础',3,'吴丹'),(7,'高等数学',2.5,'孙明德'),(8,'线性代数',2,'王强');
/*!40000 ALTER TABLE `courses` ENABLE KEYS */;
UNLOCK TABLES;

--
-- Table structure for table `grades`
--

DROP TABLE IF EXISTS `grades`;
/*!40101 SET @saved_cs_client     = @@character_set_client */;
/*!50503 SET character_set_client = utf8mb4 */;
CREATE TABLE `grades` (
  `id` int NOT NULL AUTO_INCREMENT,
  `student_id` varchar(20) NOT NULL,
  `course_id` int DEFAULT NULL,
  `score` float DEFAULT NULL,
  PRIMARY KEY (`id`),
  KEY `course_id` (`course_id`),
  KEY `grades_ibfk_1` (`student_id`),
  CONSTRAINT `grades_ibfk_1` FOREIGN KEY (`student_id`) REFERENCES `students` (`id`),
  CONSTRAINT `grades_ibfk_2` FOREIGN KEY (`course_id`) REFERENCES `courses` (`id`)
) ENGINE=InnoDB AUTO_INCREMENT=495 DEFAULT CHARSET=utf8mb4 COLLATE=utf8mb4_0900_ai_ci;
/*!40101 SET character_set_client = @saved_cs_client */;

--
-- Dumping data for table `grades`
--

LOCK TABLES `grades` WRITE;
/*!40000 ALTER TABLE `grades` DISABLE KEYS */;
INSERT INTO `grades` VALUES (1,'230160001',7,71.3535),(2,'230160001',4,67.4531),(3,'230160001',3,58.229),(4,'230160001',2,50.3395),(5,'230160002',4,82.7806),(6,'230160002',7,98.5054),(7,'230160002',8,92.9059),(8,'230160002',3,81.7096),(9,'230160002',5,46.4564),(10,'230160002',6,66.8692),(11,'230160003',4,87.7648),(12,'230160003',2,92.7687),(13,'230160003',3,77.3393),(14,'230160003',7,41.3456),(15,'230160003',1,90.642),(16,'230160003',5,81.889),(17,'230160004',7,73.1469),(18,'230160004',6,55.8755),(19,'230160004',3,96.2345),(20,'230160004',8,70.971),(21,'230160004',1,96.0873),(22,'230160004',5,54.0728),(23,'230160005',6,52.11),(24,'230160005',3,78.9862),(25,'230160005',2,54.5349),(26,'230160005',1,93.0086),(27,'230160006',1,72.9161),(28,'230160006',4,79.5996),(29,'230160006',2,48.4679),(30,'230160006',6,69.693),(31,'230160006',3,93.7403),(32,'230160006',8,95.1277),(33,'230160007',6,88.662),(34,'230160007',1,91.2258),(35,'230160007',7,43.7913),(36,'230160007',2,42.1955),(37,'230160008',8,48.8284),(38,'230160008',4,69.4716),(39,'230160008',7,77.2089),(40,'230160008',3,93.6162),(41,'230160009',6,80.2153),(42,'230160009',5,76.1974),(43,'230160009',4,73.0575),(44,'230160009',3,78.0223),(45,'230160010',3,89.5617),(46,'230160010',7,86.9295),(47,'230160010',2,57.7107),(48,'230160010',8,67.4396),(49,'230160010',6,73.687),(50,'230160011',3,91.7936),(51,'230160011',5,55.6546),(52,'230160011',6,48.7054),(53,'230160011',1,85.8586),(54,'230160012',7,69.3715),(55,'230160012',6,64.8896),(56,'230160012',8,58.6594),(57,'230160012',1,72.996),(58,'230160012',5,46.4411),(59,'230160013',3,51.1827),(60,'230160013',2,42.0412),(61,'230160013',6,59.1154),(62,'230160013',7,98.5825),(63,'230160014',3,96.3034),(64,'230160014',4,49.6001),(65,'230160014',5,61.0841),(66,'230160014',6,40.1961),(67,'230160014',1,70.0603),(68,'230160015',3,72.8658),(69,'230160015',1,73.8708),(70,'230160015',7,95.4125),(71,'230160015',8,41.7454),(72,'230160015',4,57.2006),(73,'230160015',5,86.1144),(74,'230160016',7,88.6915),(75,'230160016',3,55.9961),(76,'230160016',1,91.5385),(77,'230160016',5,91.5664),(78,'230160016',8,80.42),(79,'230160017',6,54.7295),(80,'230160017',8,87.8626),(81,'230160017',7,82.094),(82,'230160017',2,87.498),(83,'230160018',3,64.0082),(84,'230160018',5,93.2081),(85,'230160018',6,75.305),(86,'230160018',2,80.0169),(87,'230160019',8,62.4578),(88,'230160019',6,99.1706),(89,'230160019',4,65.1238),(90,'230160019',7,85.1237),(91,'230160019',2,98.0752),(92,'230160019',5,65.5006),(93,'230160020',4,66.1743),(94,'230160020',1,55.9736),(95,'230160020',5,44.596),(96,'230160020',6,84.0495),(97,'230160020',3,90.105),(98,'230160020',8,53.4696),(99,'230160021',7,56.6843),(100,'230160021',3,77.7276),(101,'230160021',4,86.7049),(102,'230160021',2,84.1436),(103,'230160021',6,56.5401),(104,'230160021',5,85.5655),(105,'230160022',3,57.0054),(106,'230160022',6,63.1628),(107,'230160022',4,66.0122),(108,'230160022',8,69.3927),(109,'230160022',5,76.2917),(110,'230160022',2,41.7829),(111,'230160023',3,49.282),(112,'230160023',5,56.3231),(113,'230160023',8,81.2179),(114,'230160023',1,51.0025),(115,'230160023',6,51.4924),(116,'230160023',2,85.4744),(117,'230160024',3,67.4297),(118,'230160024',8,97.8007),(119,'230160024',1,56.4934),(120,'230160024',7,66.9699),(121,'230160024',5,82.3441),(122,'230160025',5,66.9764),(123,'230160025',1,46.5371),(124,'230160025',4,58.159),(125,'230160025',8,50.553),(126,'230160026',6,73.6372),(127,'230160026',3,73.7626),(128,'230160026',2,77.5302),(129,'230160026',5,64.0142),(130,'230160026',1,44.3823),(131,'230160027',3,79.4935),(132,'230160027',4,48.846),(133,'230160027',6,56.7807),(134,'230160027',1,48.1068),(135,'230160027',2,58.8553),(136,'230160027',8,93.4631),(137,'230160028',5,54.6125),(138,'230160028',7,98.7308),(139,'230160028',6,65.6765),(140,'230160028',1,66.9938),(141,'230160028',4,44.1945),(142,'230160028',3,96.4255),(143,'230160029',7,98.7334),(144,'230160029',3,58.4933),(145,'230160029',5,61.1632),(146,'230160029',6,46.4896),(147,'230160029',1,49.1211),(148,'230160029',4,89.6254),(149,'230160030',2,66.8528),(150,'230160030',4,92.0689),(151,'230160030',6,76.0071),(152,'230160030',1,74.3257),(153,'230160031',4,64.0395),(154,'230160031',2,99.9641),(155,'230160031',7,81.3897),(156,'230160031',3,79.0209),(157,'230160031',6,82.339),(158,'230160032',1,51.3384),(159,'230160032',2,58.1679),(160,'230160032',7,51.868),(161,'230160032',8,84.1783),(162,'230160032',6,76.7986),(163,'230160033',6,61.2131),(164,'230160033',1,61.1028),(165,'230160033',4,61.4636),(166,'230160033',3,88.6278),(167,'230160034',2,68.9564),(168,'230160034',5,59.3942),(169,'230160034',1,53.2636),(170,'230160034',3,91.7926),(171,'230160035',2,80.579),(172,'230160035',3,69.8558),(173,'230160035',5,89.8315),(174,'230160035',1,93.6539),(175,'230160036',3,68.596),(176,'230160036',6,68.7735),(177,'230160036',1,69.8041),(178,'230160036',5,68.3112),(179,'230160037',3,54.466),(180,'230160037',8,47.2782),(181,'230160037',1,62.2993),(182,'230160037',6,48.3265),(183,'230160038',5,66.2611),(184,'230160038',8,81.9447),(185,'230160038',2,82.9359),(186,'230160038',1,71.1004),(187,'230160039',7,40.9477),(188,'230160039',4,55.9196),(189,'230160039',5,95.7058),(190,'230160039',8,75.8105),(191,'230160039',6,89.7649),(192,'230160039',2,60.7643),(193,'230160040',3,80.6363),(194,'230160040',2,40.8233),(195,'230160040',1,46.8453),(196,'230160040',4,83.8596),(197,'230160041',2,63.3706),(198,'230160041',8,56.2102),(199,'230160041',5,46.611),(200,'230160041',6,88.6789),(201,'230160041',4,95.7445),(202,'230160042',6,76.7999),(203,'230160042',7,88.632),(204,'230160042',5,43.0029),(205,'230160042',8,65.1885),(206,'230160042',4,44.8255),(207,'230160043',7,90.1928),(208,'230160043',6,75.3107),(209,'230160043',1,69.5063),(210,'230160043',3,57.2291),(211,'230160044',2,82.6635),(212,'230160044',3,88.8745),(213,'230160044',4,54.212),(214,'230160044',5,75.7774),(215,'230160044',6,93.7261),(216,'230160045',7,98.129),(217,'230160045',2,82.0614),(218,'230160045',1,89.5852),(219,'230160045',5,87.3014),(220,'230160046',5,70.8904),(221,'230160046',3,66.0523),(222,'230160046',1,65.5747),(223,'230160046',6,41.6655),(224,'230160046',7,54.6802),(225,'230160047',5,80.7724),(226,'230160047',1,49.3858),(227,'230160047',3,59.9915),(228,'230160047',8,95.4107),(229,'230160048',8,72.9039),(230,'230160048',4,69.6391),(231,'230160048',3,59.7188),(232,'230160048',5,57.6467),(233,'230160048',7,99.6209),(234,'230160049',5,46.6716),(235,'230160049',6,94.0494),(236,'230160049',2,98.298),(237,'230160049',1,74.0844),(238,'230160049',3,60.5887),(239,'230160050',5,91.5861),(240,'230160050',2,79.4088),(241,'230160050',6,59.5863),(242,'230160050',3,90.9093),(243,'230160050',1,81.1902),(244,'230160050',7,57.3338),(245,'230160051',3,50.3484),(246,'230160051',5,93.0252),(247,'230160051',1,56.5379),(248,'230160051',6,47.4058),(249,'230160051',2,70.3974),(250,'230160051',4,94.7054),(251,'230160052',4,46.1722),(252,'230160052',2,72.574),(253,'230160052',7,84.8893),(254,'230160052',1,74.6948),(255,'230160053',7,88.8685),(256,'230160053',1,88.4371),(257,'230160053',4,52.1713),(258,'230160053',5,78.4157),(259,'230160053',3,42.6861),(260,'230160054',6,52.8584),(261,'230160054',8,98.4655),(262,'230160054',3,92.1754),(263,'230160054',1,47.2126),(264,'230160054',2,60.6108),(265,'230160055',8,86.5451),(266,'230160055',4,95.0996),(267,'230160055',3,50.2523),(268,'230160055',5,68.1375),(269,'230160055',2,64.6692),(270,'230160055',7,43.4433),(271,'230160056',8,81.4912),(272,'230160056',6,53.1311),(273,'230160056',4,61.9682),(274,'230160056',1,68.626),(275,'230160057',1,48.4565),(276,'230160057',2,44.0953),(277,'230160057',8,80.3542),(278,'230160057',3,43.4484),(279,'230160058',8,75.936),(280,'230160058',5,73.8398),(281,'230160058',6,64.3063),(282,'230160058',1,94.7656),(283,'230160059',7,97.3827),(284,'230160059',4,42.9531),(285,'230160059',2,89.6428),(286,'230160059',3,54.8838),(287,'230160059',8,71.0644),(288,'230160060',4,44.7013),(289,'230160060',5,68.1853),(290,'230160060',6,85.295),(291,'230160060',1,92.9041),(292,'230160060',7,96.2634),(293,'230160060',2,62.591),(294,'230160061',8,92.5889),(295,'230160061',1,76.7574),(296,'230160061',3,66.5178),(297,'230160061',5,94.0333),(298,'230160061',6,90.0931),(299,'230160062',7,44.3809),(300,'230160062',1,95.5287),(301,'230160062',4,90.5296),(302,'230160062',2,98.4507),(303,'230160062',3,74.3257),(304,'230160063',2,73.1617),(305,'230160063',3,40.1495),(306,'230160063',8,79.5338),(307,'230160063',5,52.1272),(308,'230160064',3,41.3986),(309,'230160064',2,79.3834),(310,'230160064',5,78.1218),(311,'230160064',4,58.5523),(312,'230160065',2,67.5878),(313,'230160065',7,45.5124),(314,'230160065',1,53.7055),(315,'230160065',8,67.0507),(316,'230160065',5,65.7335),(317,'230160065',3,76.3161),(318,'230160066',3,67.5906),(319,'230160066',4,44.8821),(320,'230160066',8,98.4859),(321,'230160066',5,49.23),(322,'230160066',7,67.2051),(323,'230160067',5,69.3091),(324,'230160067',8,62.1601),(325,'230160067',1,45.4725),(326,'230160067',3,65.1501),(327,'230160068',7,97.7704),(328,'230160068',4,45.5273),(329,'230160068',6,93.0584),(330,'230160068',2,58.5451),(331,'230160069',1,95.9032),(332,'230160069',5,60.6023),(333,'230160069',2,57.0943),(334,'230160069',4,58.7501),(335,'230160069',8,76.214),(336,'230160070',1,83.4168),(337,'230160070',7,86.1721),(338,'230160070',5,64.0064),(339,'230160070',8,96.4549),(340,'230160071',6,49.4044),(341,'230160071',8,49.7205),(342,'230160071',2,56.707),(343,'230160071',1,81.1741),(344,'230160071',5,91.1837),(345,'230160071',4,81.6465),(346,'230160072',1,56.5284),(347,'230160072',7,84.7409),(348,'230160072',2,95.8075),(349,'230160072',3,50.4894),(350,'230160072',5,59.4868),(351,'230160072',8,86.4471),(352,'230160073',8,46.4971),(353,'230160073',3,77.7714),(354,'230160073',7,93.3853),(355,'230160073',5,68.9362),(356,'230160074',4,40.8141),(357,'230160074',8,40.5663),(358,'230160074',1,99.9839),(359,'230160074',3,91.3028),(360,'230160074',5,82.4831),(361,'230160074',7,60.0162),(362,'230160075',3,98.2877),(363,'230160075',8,61.7183),(364,'230160075',6,45.1433),(365,'230160075',4,64.0188),(366,'230160075',1,43.6187),(367,'230160075',7,41.6118),(368,'230160076',4,96.4375),(369,'230160076',3,82.959),(370,'230160076',7,84.7744),(371,'230160076',6,45.0227),(372,'230160076',2,93.1672),(373,'230160076',1,83.4942),(374,'230160077',4,54.4303),(375,'230160077',1,97.9647),(376,'230160077',7,71.1223),(377,'230160077',6,74.264),(378,'230160077',5,82.4072),(379,'230160078',3,52.3576),(380,'230160078',1,40.0804),(381,'230160078',6,81.3315),(382,'230160078',5,66.3431),(383,'230160079',2,89.6585),(384,'230160079',3,47.2914),(385,'230160079',4,74.3997),(386,'230160079',6,59.6211),(387,'230160079',8,88.6208),(388,'230160079',5,56.0809),(389,'230160080',5,75.5583),(390,'230160080',2,95.686),(391,'230160080',6,63.1629),(392,'230160080',7,77.2885),(393,'230160081',4,49.2338),(394,'230160081',2,52.6197),(395,'230160081',5,98.7381),(396,'230160081',6,72.6078),(397,'230160081',7,72.2065),(398,'230160081',3,78.6665),(399,'230160082',8,58.9098),(400,'230160082',6,83.9584),(401,'230160082',5,61.2196),(402,'230160082',2,48.0865),(403,'230160083',1,44.837),(404,'230160083',2,66.5099),(405,'230160083',4,80.9116),(406,'230160083',7,94.3675),(407,'230160084',2,90.6424),(408,'230160084',4,51.0259),(409,'230160084',3,58.2727),(410,'230160084',7,85.1373),(411,'230160084',8,57.3471),(412,'230160085',2,86.1646),(413,'230160085',5,44.191),(414,'230160085',6,65.3518),(415,'230160085',1,63.4049),(416,'230160085',8,94.1544),(417,'230160085',7,46.6313),(418,'230160086',6,55.5339),(419,'230160086',3,64.6153),(420,'230160086',5,70.8751),(421,'230160086',4,49.8034),(422,'230160087',5,43.4713),(423,'230160087',2,48.6704),(424,'230160087',8,64.3754),(425,'230160087',6,98.8212),(426,'230160087',1,62.3951),(427,'230160087',4,59.6392),(428,'230160088',5,44.9697),(429,'230160088',6,73.4825),(430,'230160088',4,71.9794),(431,'230160088',1,91.0054),(432,'230160088',7,69.0789),(433,'230160088',2,81.8108),(434,'230160089',7,74.2136),(435,'230160089',2,46.492),(436,'230160089',1,73.6584),(437,'230160089',8,80.2859),(438,'230160089',3,98.8895),(439,'230160090',7,74.394),(440,'230160090',6,46.4505),(441,'230160090',2,84.8604),(442,'230160090',5,93.7194),(443,'230160090',8,48.6334),(444,'230160091',8,58.196),(445,'230160091',1,46.1568),(446,'230160091',4,90.4048),(447,'230160091',5,42.9063),(448,'230160091',2,56.5311),(449,'230160091',3,98.0144),(450,'230160092',3,48.0176),(451,'230160092',8,67.8262),(452,'230160092',1,72.2303),(453,'230160092',7,40.3478),(454,'230160093',1,94.2507),(455,'230160093',8,44.0135),(456,'230160093',5,92.5051),(457,'230160093',4,94.5299),(458,'230160094',8,76.7203),(459,'230160094',4,45.2016),(460,'230160094',7,55.9687),(461,'230160094',2,81.9398),(462,'230160094',5,81.2128),(463,'230160095',6,99.9753),(464,'230160095',8,60.0419),(465,'230160095',3,40.9639),(466,'230160095',2,59.1106),(467,'230160095',7,74.7454),(468,'230160095',5,41.867),(469,'230160096',3,98.3914),(470,'230160096',4,81.6953),(471,'230160096',7,59.8),(472,'230160096',1,81.1663),(473,'230160097',1,79.0735),(474,'230160097',7,89.0874),(475,'230160097',4,82.7161),(476,'230160097',8,75.5571),(477,'230160098',5,92.5523),(478,'230160098',2,56.5524),(479,'230160098',3,80.075),(480,'230160098',7,72.4009),(481,'230160099',8,52.7296),(482,'230160099',2,49.9528),(483,'230160099',7,44.6129),(484,'230160099',5,86.9584),(485,'230160100',8,48.4063),(486,'230160100',7,88.4945),(487,'230160100',1,57.354),(488,'230160100',6,69.7302),(489,'230160101',4,69.3839),(490,'230160101',5,55.2547),(491,'230160101',1,83.9053),(492,'230160101',3,59.2742),(493,'2301610204',5,90),(494,'2301610204',4,95);
/*!40000 ALTER TABLE `grades` ENABLE KEYS */;
UNLOCK TABLES;

--
-- Table structure for table `students`
--

DROP TABLE IF EXISTS `students`;
/*!40101 SET @saved_cs_client     = @@character_set_client */;
/*!50503 SET character_set_client = utf8mb4 */;
CREATE TABLE `students` (
  `id` varchar(20) NOT NULL,
  `name` varchar(50) NOT NULL,
  `sex` varchar(4) NOT NULL,
  `age` int NOT NULL,
  `major` varchar(50) NOT NULL,
  `address` varchar(50) NOT NULL,
  PRIMARY KEY (`id`)
) ENGINE=InnoDB DEFAULT CHARSET=utf8mb4 COLLATE=utf8mb4_0900_ai_ci;
/*!40101 SET character_set_client = @saved_cs_client */;

--
-- Dumping data for table `students`
--

LOCK TABLES `students` WRITE;
/*!40000 ALTER TABLE `students` DISABLE KEYS */;
INSERT INTO `students` VALUES ('230160001','学生1','男',21,'数据科学与大数据技术','内蒙古'),('230160002','学生2','男',18,'机器人工程','广东'),('230160003','学生3','男',23,'人工智能','海南'),('230160004','学生4','女',18,'数据科学与大数据技术','西藏'),('230160005','学生5','男',23,'数据科学与大数据技术','陕西'),('230160006','学生6','女',21,'机器人工程','北京'),('230160007','学生7','女',22,'人工智能','重庆'),('230160008','学生8','女',20,'人工智能','浙江'),('230160009','学生9','女',21,'人工智能','山东'),('230160010','学生10','男',22,'数据科学与大数据技术','山西'),('230160011','学生11','男',18,'人工智能','陕西'),('230160012','学生12','男',22,'机器人工程','云南'),('230160013','学生13','女',22,'人工智能','广西'),('230160014','学生14','女',19,'机器人工程','北京'),('230160015','学生15','女',19,'人工智能','山西'),('230160016','学生16','女',20,'机器人工程','宁夏'),('230160017','学生17','男',23,'人工智能','青海'),('230160018','学生18','男',21,'人工智能','福建'),('230160019','学生19','男',21,'机器人工程','新疆'),('230160020','学生20','女',18,'数据科学与大数据技术','北京'),('230160021','学生21','男',20,'机器人工程','贵州'),('230160022','学生22','男',18,'数据科学与大数据技术','河北'),('230160023','学生23','女',21,'人工智能','湖北'),('230160024','学生24','女',23,'人工智能','宁夏'),('230160025','学生25','男',19,'数据科学与大数据技术','河南'),('230160026','学生26','男',22,'机器人工程','吉林'),('230160027','学生27','女',18,'人工智能','海南'),('230160028','学生28','女',19,'人工智能','河北'),('230160029','学生29','女',22,'机器人工程','甘肃'),('230160030','学生30','女',21,'数据科学与大数据技术','河北'),('230160031','学生31','男',21,'数据科学与大数据技术','海南'),('230160032','学生32','女',23,'人工智能','浙江'),('230160033','学生33','女',21,'数据科学与大数据技术','河北'),('230160034','学生34','女',18,'数据科学与大数据技术','宁夏'),('230160035','学生35','女',18,'机器人工程','青海'),('230160036','学生36','女',20,'人工智能','云南'),('230160037','学生37','男',22,'人工智能','西藏'),('230160038','学生38','男',18,'人工智能','湖南'),('230160039','学生39','男',19,'数据科学与大数据技术','上海'),('230160040','学生40','女',23,'人工智能','广西'),('230160041','学生41','女',22,'数据科学与大数据技术','河南'),('230160042','学生42','男',18,'机器人工程','河南'),('230160043','学生43','女',18,'人工智能','河北'),('230160044','学生44','女',22,'数据科学与大数据技术','河南'),('230160045','学生45','男',19,'人工智能','上海'),('230160046','学生46','男',19,'人工智能','浙江'),('230160047','学生47','男',21,'机器人工程','浙江'),('230160048','学生48','女',20,'数据科学与大数据技术','山西'),('230160049','学生49','女',18,'数据科学与大数据技术','广东'),('230160050','学生50','女',22,'人工智能','宁夏'),('230160051','学生51','女',21,'数据科学与大数据技术','吉林'),('230160052','学生52','男',23,'人工智能','广西'),('230160053','学生53','男',23,'机器人工程','宁夏'),('230160054','学生54','女',20,'人工智能','天津'),('230160055','学生55','男',23,'机器人工程','江西'),('230160056','学生56','男',18,'数据科学与大数据技术','山西'),('230160057','学生57','女',21,'数据科学与大数据技术','重庆'),('230160058','学生58','女',20,'人工智能','四川'),('230160059','学生59','男',23,'数据科学与大数据技术','福建'),('230160060','学生60','女',19,'人工智能','辽宁'),('230160061','学生61','男',21,'数据科学与大数据技术','贵州'),('230160062','学生62','男',20,'人工智能','河北'),('230160063','学生63','男',21,'数据科学与大数据技术','吉林'),('230160064','学生64','女',21,'数据科学与大数据技术','黑龙江'),('230160065','学生65','女',20,'人工智能','重庆'),('230160066','学生66','女',19,'机器人工程','陕西'),('230160067','学生67','男',22,'人工智能','河北'),('230160068','学生68','男',22,'机器人工程','山西'),('230160069','学生69','男',19,'机器人工程','青海'),('230160070','学生70','男',22,'机器人工程','贵州'),('230160071','学生71','男',20,'人工智能','上海'),('230160072','学生72','男',22,'机器人工程','宁夏'),('230160073','学生73','男',20,'机器人工程','内蒙古'),('230160074','学生74','女',20,'数据科学与大数据技术','贵州'),('230160075','学生75','女',18,'人工智能','浙江'),('230160076','学生76','女',18,'数据科学与大数据技术','四川'),('230160077','学生77','女',21,'人工智能','陕西'),('230160078','学生78','男',22,'数据科学与大数据技术','河北'),('230160079','学生79','女',19,'机器人工程','河北'),('230160080','学生80','男',18,'数据科学与大数据技术','山东'),('230160081','学生81','女',18,'数据科学与大数据技术','天津'),('230160082','学生82','男',20,'人工智能','山东'),('230160083','学生83','男',23,'数据科学与大数据技术','河北'),('230160084','学生84','男',20,'数据科学与大数据技术','黑龙江'),('230160085','学生85','女',22,'机器人工程','福建'),('230160086','学生86','女',18,'人工智能','天津'),('230160087','学生87','女',21,'机器人工程','福建'),('230160088','学生88','女',22,'数据科学与大数据技术','云南'),('230160089','学生89','女',18,'人工智能','重庆'),('230160090','学生90','男',18,'数据科学与大数据技术','河北'),('230160091','学生91','女',20,'数据科学与大数据技术','山西'),('230160092','学生92','男',19,'数据科学与大数据技术','辽宁'),('230160093','学生93','男',22,'机器人工程','四川'),('230160094','学生94','女',19,'机器人工程','青海'),('230160095','学生95','女',19,'机器人工程','湖北'),('230160096','学生96','男',20,'机器人工程','吉林'),('230160097','学生97','女',21,'人工智能','广东'),('230160098','学生98','女',19,'机器人工程','河北'),('230160099','学生99','男',22,'人工智能','青海'),('230160100','学生100','男',23,'人工智能','广西'),('230160101','学生101','女',23,'人工智能','天津'),('2301610204','黄潇涵','女',20,'数据科学与大数据技术','广西');
/*!40000 ALTER TABLE `students` ENABLE KEYS */;
UNLOCK TABLES;

--
-- Table structure for table `users`
--

DROP TABLE IF EXISTS `users`;
/*!40101 SET @saved_cs_client     = @@character_set_client */;
/*!50503 SET character_set_client = utf8mb4 */;
CREATE TABLE `users` (
  `id` int NOT NULL AUTO_INCREMENT,
  `username` varchar(50) NOT NULL,
  `password` varchar(255) NOT NULL,
  PRIMARY KEY (`id`),
  UNIQUE KEY `username` (`username`)
) ENGINE=InnoDB DEFAULT CHARSET=utf8mb4 COLLATE=utf8mb4_0900_ai_ci;
/*!40101 SET character_set_client = @saved_cs_client */;

--
-- Dumping data for table `users`
--

LOCK TABLES `users` WRITE;
/*!40000 ALTER TABLE `users` DISABLE KEYS */;
/*!40000 ALTER TABLE `users` ENABLE KEYS */;
UNLOCK TABLES;
/*!40103 SET TIME_ZONE=@OLD_TIME_ZONE */;

/*!40101 SET SQL_MODE=@OLD_SQL_MODE */;
/*!40014 SET FOREIGN_KEY_CHECKS=@OLD_FOREIGN_KEY_CHECKS */;
/*!40014 SET UNIQUE_CHECKS=@OLD_UNIQUE_CHECKS */;
/*!40101 SET CHARACTER_SET_CLIENT=@OLD_CHARACTER_SET_CLIENT */;
/*!40101 SET CHARACTER_SET_RESULTS=@OLD_CHARACTER_SET_RESULTS */;
/*!40101 SET COLLATION_CONNECTION=@OLD_COLLATION_CONNECTION */;
/*!40111 SET SQL_NOTES=@OLD_SQL_NOTES */;

-- Dump completed on 2025-07-10 16:13:20
